"","geno","aic1","aic2","aic_diff"
"1","lacs",-1449.74734373596,-1448.48522681103,-1.26211692492257
"2","cyp",-1302.10231039427,-1325.38896622015,-23.2866558258845
