geno,aic1,aic2,aic_diff
lacs,-373.29273852004985,-383.00311904481794,-9.710380524768084
cyp,-410.248171002194,-412.4713542702442,-2.2231832680502066
