"","geno","aic1","aic2","aic_diff"
"1","lacs",-334.294963800071,-339.566789554969,-5.27182575489815
"2","cyp",-322.799925657155,-364.693543558776,-41.8936179016214
