"","geno","aic1","aic2","aic_diff"
"1","lacs",-413.943664178825,-458.485586896109,-44.541922717284
"2","cyp",-341.775232706276,-382.9042980877,-41.1290653814239
