"","geno","aic1","aic2","aic_diff"
"1","lacs",2174.93489720652,1799.28280884685,-375.65208835967
"2","cyp",1491.96435895697,1305.47609185417,-186.4882671028
